﻿{"cameraMode":{"drawMode":0,"name":"Shaded","section":"Shading Mode"},"sceneLighting":false,"audioPlay":false,"sceneViewState":{"showFog":false,"showMaterialUpdate":false,"showSkybox":false,"showFlares":false,"showImageEffects":false,"showParticleSystems":false},"in2DMode":false,"pivot":{"x":8.940696716308594e-8,"y":0.05000000074505806,"z":-0.07999999821186066},"rotation":{"x":-0.07920365780591965,"y":0.9045323729515076,"z":-0.3721400797367096,"w":-0.1925092488527298},"size":1.356216311454773,"orthographic":false}